english,malay,definition
accuracy,ketepatan; kejituan,"Metrik penilaian yang mengukur pecahan ramalan yang betul berbanding jumlah ramalan yang dibuat, memberikan gambaran keseluruhan tentang prestasi model dalam tugas pengelasan."
activation,pengaktifan,"Output tidak linear dari neuron dalam rangkaian neural, dihasilkan dengan menggunakan fungsi pengaktifan pada hasil tambah input berpemberat."
activation function,fungsi pengaktifan,"Fungsi matematik yang digunakan dalam rangkaian neural untuk memperkenalkan ketaklinearan dan menentukan output bagi setiap neuron, seperti fungsi sigmoid, tangen hiperbolik (tanh), atau ReLU."
AdaBoost,Adaptive Boosting; pengalakkan penyesuaian,"Algoritma boosting yang menggabungkan banyak pengelas lemah kepada satu pengelas yang kuat, di mana pemberat sampel diselaraskan pada setiap lelaran untuk memberi tumpuan pada contoh yang susah diklasifikasikan."
Adam,,"Algoritma pengoptimuman yang menggabungkan konsep daripada RMSProp dan Momentum, menyesuaikan kadar pembelajaran bagi setiap parameter berdasarkan anggaran momen tertib pertama dan kedua kecerunan."
adam optimizer,,"Algoritma pengoptimuman yang menggabungkan konsep daripada RMSProp dan Momentum, menyesuaikan kadar pembelajaran bagi setiap parameter berdasarkan anggaran momen tertib pertama dan kedua kecerunan."
Adaptive resonance theory,,"Kelas rangkaian neural yang diilhamkan secara biologi yang mampu belajar secara tak segerak dan stabil dalam persekitaran yang berubah-ubah, dengan mengekalkan keseimbangan antara keupayaan belajar dan kestabilan perwakilan."
adversarial examples,contoh berlawanan,"Sampel input yang diubah suai secara khusus untuk memperdayakan model pembelajaran mesin agar membuat kesalahan pengelasan, sering digunakan untuk menilai dan meningkatkan keteguhan model."
adversarial training,latihan berlawanan,Teknik latihan di mana contoh berlawanan (adversarial examples) sengaja dijana dan dimasukkan ke dalam set latihan untuk meningkatkan keteguhan model terhadap serangan berlawanan.
agent,ejen,"Program komputer atau entiti yang bertindak secara autonomi bagi pihak pengguna, sistem, atau program lain untuk melaksanakan tugas tertentu."
algorithm,algorithma,Satu set arahan yang ditakrifkan dengan tepat atau langkah-langkah logikal teratur yang digunakan untuk menyelesaikan masalah atau melaksanakan tugas pengiraan dalam sains komputer dan teknologi maklumat.
anomaly,janggal; anomali,"Pemerhatian atau titik data yang berbeza dengan ketara daripada norma atau jangkaan, sering menunjukkan tingkah laku luar biasa, kesilapan, atau nilai terpencil dalam set data."
architecture,seni bina,"Merujuk kepada struktur dan susunan keseluruhan rangkaian neural atau model pembelajaran mendalam, termasuk bilangan dan jenis lapisan, fungsi pengaktifan, sambungan, dan komponen lain."
asynchronous ,tak segerak,"Merujuk kepada jenis pemprosesan atau komunikasi di mana tugas atau mesej dihantar tanpa menunggu tindak balas serta-merta, membolehkan operasi selari dan mengurangkan masa menunggu."
attention,tumpuan; perhatian,"Mekanisme dalam pembelajaran mendalam (deep learning) yang membolehkan model mempelajari pemetaan antara unsur-unsur dalam urutan input dan output, dengan memberi pemberat yang lebih tinggi kepada bahagian input yang paling relevan untuk setiap langkah output."
attention mechanism,mekanisme perhatian,"Teknik dalam pembelajaran mesin yang membolehkan model memberikan tumpuan kepada bahagian yang paling berkaitan daripada input apabila menghasilkan output, sering digunakan dalam pemprosesan bahasa tabii dan penglihatan komputer."
augmentation ,pengayaan; penambahan; pembesaran; pengaburan,"Teknik meningkatkan saiz dan kepelbagaian set data dengan mencipta versi baharu contoh latihan melalui transformasi seperti putaran, terjemahan, atau hingar, membantu mengurangkan penyesuaian lebih (overfitting)."
Autocorrelation,Autokorelasi; auto-saling hubung,"Ukuran korelasi antara nilai proses pada pelbagai masa, menunjukkan kebergantungan nilai semasa pada nilai lepas."
autoencoder,pengekod-auto,"Seni bina rangkaian neural yang terdiri daripada pengekod (encoder) dan penyahkod (decoder), dilatih untuk mempelajari perwakilan bermakna data input dengan memaksakan kekangan pada lapisan tersembunyi."
AutoML,Pembelajaran Mesin Automatik,"Proses mengautomasikan aliran kerja pembelajaran mesin, termasuk pemilihan model, penalaan hiperparameter, dan penilaian model, bertujuan untuk memudahkan pembangunan model dan mengurangkan keperluan untuk kepakaran domain."
AutoRegressive Integrated Moving Average,Purata Bergerak Bersepadu AutoRegresif,"Model statistik yang biasa digunakan untuk analisis siri masa dan ramalan, yang menggabungkan komponen autoregresif, pembezaan bersepadu, dan purata bergerak."
autoregressive model,model autoregresif,"Kelas model pembelajaran mesin yang mempelajari taburan kebarangkalian tersirat data latihan, membolehkan penjanaan sampel baharu yang serupa."
back propagation,rambatan belakang; perambatan balik,"Algoritma yang digunakan untuk mengira kecerunan fungsi kos berkenaan dengan setiap pemberat dalam rangkaian neural, dengan menyebarkan ralat output ke belakang melalui rangkaian menggunakan petua rantaian."
Backtranslation,Terjemahan Balik,"Teknik untuk menghasilkan lebih banyak data latihan sintetik untuk terjemahan mesin, dengan menterjemahkan korpus sasaran (monolingual) kembali ke bahasa sumber menggunakan sistem terjemahan mesin awal, kemudian menggunakan pasangan ayat sintetik ini untuk melatih sistem terjemahan mesin arah depan."
bag of words,Beg Perkataan,"Perwakilan teks yang mengira kekerapan setiap perkataan dalam dokumen, mengabaikan susunan dan tatabahasa, digunakan dalam pemprosesan bahasa semula jadi dan dapatan semula maklumat."
bagging,agregat butstrap,"Kaedah pembelajaran mesin yang menggabungkan beberapa model ramalan yang dilatih pada subset data latihan yang berbeza, untuk menghasilkan satu model ramalan akhir yang lebih baik daripada model-model individu."
batch,kelompok,"Subset data latihan yang digunakan untuk menilai kecerunan dan mengemas kini parameter model dalam satu lelaran semasa latihan, membolehkan pengiraan yang lebih cekap berbanding pemprosesan keseluruhan set data pada setiap lelaran."
Batch Normalization,Normalisasi Kelompok,"Teknik untuk menormalkan input ke lapisan tersembunyi dalam rangkaian neural dengan mengurangkan min kelompok dan membahagikan dengan sisihan piawai, membantu menstabilkan dan mempercepatkan latihan."
batch normalization layer,lapisan pernomalan kelompok,"Teknik yang menormalkan input ke lapisan neural dengan mengurangkan min dan membahagikan dengan sisihan piawai kelompok semasa latihan, mengurangkan perubahan taburan dalaman (internal covariate shift) dan mempercepatkan penumpuan."
batch size,saiz kelompokkan,"Bilangan sampel latihan yang diproses sebelum parameter model dikemas kini, mempengaruhi masa dan kestabilan proses pembelajaran."
Bayesian Networks,Rangkaian Bayesian,"Model grafik kebarangkalian yang mewakili hubungan bersyarat antara pemboleh ubah rawak, digunakan untuk penaakulan kebarangkalian dan inferens dalam keadaan ketidakpastian."
beam search,carian pancaran,"Algoritma carian heuristik yang meneroka graf carian mengikut bilangan jalur terbaik yang tetap pada setiap tahap, dan memilih calon terbaik berasaskan fungsi skor, sering digunakan dalam model bahasa dan terjemahan mesin."
bias,bias,kecenderungan ke arah sesuatu secara berlebihan atau keterlaluan.; Perbezaan sistematik antara nilai ramalan model dan nilai sebenar dalam ramalan statistik dan pembelajaran mesin.; Parameter tambahan dalam rangkaian neural untuk mengubah suai output kepada nilai yang dikehendaki.
Bias-variance tradeoff,keseimbangan bias-varians,"Hubungan terbalik antara bias (kesalahan akibat andaian model yang terlalu mudah) dan varians (kesalahan akibat kepekaan model terhadap variasi dalam data latihan), di mana pengurangan bias sering menyebabkan peningkatan varians dan sebaliknya."
bidirectional,dwiarah; dwihalaan,"Merujuk kepada pemprosesan urutan secara dwihalaan, mempertimbangkan konteks dari kedua-dua arah (lepas dan depan) untuk menghasilkan representasi yang lebih kaya maklumat."
Bidirectional Encoder Representations from Transformers,,"Model prakejuruteraan bahasa dwiarah yang menggabungkan konteks dari kedua-dua arah untuk menghasilkan perwakilan perkataan konteks-sensitif, banyak digunakan untuk tugas pemahaman bahasa semula jadi."
bigram,dwigram; bigram,"Urutan dua item bersebelahan dari sampel teks atau ucapan, digunakan untuk pemodelan bahasa dan analisis sentimen."
binary classification,pengelasan perduaan,"Masalah pengelasan di mana model perlu mengklasifikasikan contoh kepada salah satu daripada dua kelas yang mungkin, seperti pengesanan spam atau analisis sentimen positif/negatif."
Binary Cross Entropy,Entropi Silang Perduaan,"Fungsi kerugian yang biasa digunakan dalam masalah pengelasan perduaan, yang mengukur perbezaan antara taburan kebarangkalian sebenar dan yang diramalkan untuk dua kelas."
binary decision tree,pepohon keputusan perduaan,"Struktur pepohon di mana setiap nod bukan daun membuat keputusan berdasarkan nilai ciri dan memecahkan data kepada dua cabang anak, digunakan untuk pengelasan dan regresi dalam pembelajaran mesin."
biological neural network,rangkaian neural biologi,"Rangkaian sel saraf yang saling berhubung dalam sistem saraf biologi, yang memproses dan menghantar maklumat melalui isyarat elektrik dan kimia."
Bleu Score,Skor Bleu,"Metrik automatik untuk menilai kualiti output sistem terjemahan mesin, dengan membandingkan kesamaan output dengan satu atau lebih terjemahan rujukan manusia."
boltzmann machines,mesin Boltzmann,"Jenis rangkaian neural generatif yang terdiri daripada unit neuron dengan sambungan simetri, dilatih untuk mempelajari taburan kebarangkalian data menggunakan kaedah persampelan stokastik."
boosting,pengalakkan; penguatan,"Kelas teknik pembelajaran mesin ensemble di mana model dilatih secara bersiri, dengan setiap model berikutnya memberi tumpuan kepada contoh yang tidak dikelaskan dengan betul oleh model sebelumnya."
bottleneck,cerutan,"Lapisan tersembunyi dalam rangkaian neural yang mempunyai bilangan unit atau dimensi yang jauh lebih kecil berbanding lapisan sebelum dan selepasnya, bertujuan untuk mengekstrak ciri penting dan memampatkan representasi data."
Brownian Motion,gerakan Brown,"Proses stokastik berterusan yang menggambarkan pergerakan rawak zarah, digunakan dalam pemodelan fenomena fizikal dan kewangan."
byte,bait,"Unit asas storan digital yang biasanya terdiri daripada lapan bit perduaan (binary), digunakan untuk mewakili aksara, nombor, atau simbol dalam komputer dan telekomunikasi."
byte pair enconding,pengekodan pasangan bait,"Algoritma pengekodan yang secara rekursif menggabungkan pasangan unit teks yang paling kerap menjadi token baharu, menghasilkan perbendaharaan kata yang padat dan boleh mewakili perkataan di luar perbendaharaan kata dengan menggabungkan subperkataan."
capsule network,rangkaian kapsul,"Seni bina rangkaian neural yang menggunakan kumpulan neuron yang dipanggil kapsul untuk mewakili entiti dan hubungannya secara hierarki, bertujuan untuk menangani kelemahan CNN dalam mengendalikan perubahan sudut pandangan dan orientasi objek."
catboost,catboost,"Algoritma peningkatan kecerunan yang menggunakan pepohon keputusan sebagai pengelas asas, direka untuk mengendalikan ciri kategori tanpa keperluan pengekodan awal, dan menyediakan ciri seperti penalaan parameter automatik dan pemangkasan ciri."
causal masking,penopengan penyebab,"Teknik yang digunakan dalam model bahasa auto-regresif untuk menghalang token masa depan daripada mempengaruhi ramalan token semasa, biasanya dilaksanakan dengan topeng segitiga dalam mekanisme perhatian."
centroid,sentroid; pusat-bentuk,"Titik pusat geometri kelompok atau set titik data dalam ruang ciri, digunakan dalam algoritma seperti K-means untuk mewakili pusat kelompok."
chain rule,petua rantaian,"Peraturan yang digunakan dalam pengiraan kecerunan untuk fungsi komposisi, memecahkan terbitan kepada produk terbitan separa, membolehkan perambatan balik kecerunan melalui rangkaian neural berlapis."
class imbalance,ketidakseimbangan pengelas,"Senario di mana bilangan contoh dalam setiap kelas pengelasan tidak sekata atau berbeza dengan ketara, yang boleh menyebabkan model berat sebelah terhadap kelas majoriti dan menjejaskan prestasi pada kelas minoriti."
classification,pengelasan,"Tugas pembelajaran mesin di mana model dilatih untuk mengaitkan input kepada satu atau lebih kelas diskret, seperti pengelasan imej atau analisis sentimen."
classifiers,pengelas,"Algoritma atau model yang digunakan dalam masalah pengelasan, yang mengaitkan sampel input dengan satu atau lebih kelas diskret berdasarkan ciri mereka."
clustering,penggugusan; pengelompokan,"Tugas pembelajaran tanpa pengawasan untuk mengumpulkan contoh yang serupa ke dalam kelompok berdasarkan ukuran kesamaan atau jarak, tanpa menggunakan label kelas."
C-means,,"Variasi lembut untuk algoritma pengelompokan K-means yang membenarkan keahlian separa dalam kelompok, di mana setiap titik data boleh tergolong dalam berbilang kelompok dengan darjah keahlian yang berbeza."
code switch,alih-kod,"Pertukaran antara dua atau lebih bahasa, dialek, atau gaya bahasa dalam satu perbualan, ayat, atau wacana.; Pencampuran atau pengalihan kod bahasa yang digunakan dalam komunikasi."
collaborative filtering,penyaringan kolaboratif,"Teknik yang digunakan dalam sistem pengesyor untuk meramalkan minat atau keutamaan pengguna dengan mengumpulkan maklumat keutamaan dari banyak pengguna, berdasarkan andaian bahawa pengguna yang mempunyai citarasa yang sama akan menyukai item yang sama."
confusion matriks,matriks kekalutan,"Jadual yang meringkaskan prestasi model pengelasan dengan membandingkan kelas sebenar dengan kelas yang diramalkan, menunjukkan bilangan ramalan yang betul dan salah untuk setiap kelas."
Confusion Matrix,matriks kekalutan,"Jadual yang meringkaskan prestasi model pengelasan, menunjukkan bilangan ramalan yang betul dan salah berbanding dengan nilai sebenar untuk setiap kelas."
constituency parsing,penghuraian Konstituensi,"Tugas menganalisis struktur sintaksis ayat berdasarkan tatabahasa bebas konteks, menghasilkan pepohon huraian yang menunjukkan hubungan antara frasa dan subfrasa."
Content-Based Image Retrieval,Dapatan Semula Imej Berasaskan Kandungan,"Tugas mencari dan mendapatkan semula imej dari pangkalan data besar berdasarkan kandungan visual seperti warna, tekstur, atau objek, berbanding metadata teks yang berkaitan dengan imej."
context length,panjang konteks,"Bilangan token input (perkataan atau aksara) yang boleh diproses oleh model bahasa atau sistem pemprosesan bahasa tabii pada satu-satu masa, menentukan jumlah maklumat konteks yang tersedia untuk membuat ramalan."
context window,tingkap konteks,"Bilangan perkataan di hadapan dan belakang perkataan fokus yang dipertimbangkan sebagai konteks dalam model pemprosesan bahasa semula jadi, seperti dalam pemodelan bahasa atau pembelajaran penyebaran perkataan."
continuous features,ciri berterusan; ciri berangka,"Ciri yang boleh mengambil mana-mana nilai dalam julat tertentu, seperti ketinggian, suhu, atau pendapatan, berbeza dengan ciri diskret yang hanya boleh mengambil set nilai terhad."
convergence,konvergen; penumpuan,"Keadaan di mana model pembelajaran mesin mencapai penyelesaian optimum, di mana pengoptimuman selanjutnya tidak menghasilkan peningkatan ketara dalam prestasi atau fungsi kerugian."
convex function,fungsi cembung,"Fungsi matematik di mana garis yang menghubungkan sebarang dua titik pada grafnya terletak di atas atau pada graf, memastikan bahawa sebarang minimum tempatan juga merupakan minimum global."
convolution,konvolusi,"Operasi matematik yang menggabungkan dua fungsi untuk menghasilkan fungsi ketiga, digunakan secara meluas dalam pemprosesan imej dan rangkaian neural konvolusi untuk mengekstrak ciri setempat dan corak dari data."
convolutional  neural network,rangkaian neural konvolusi,"Seni bina rangkaian neural yang direka untuk memproses data kekisi seperti imej, menggunakan operasi konvolusi untuk mengesan ciri setempat dan lapisan pengumpulan untuk mengurangkan dimensi ruang ciri."
convolutional filter,Penapis Konvolusi,Set parameter boleh dipelajari dalam rangkaian neural konvolusi yang mengesan kehadiran corak atau ciri tertentu dalam data input.
convolutional layer,lapisan konvolusi,"Lapisan dalam rangkaian neural yang menjalankan operasi konvolusi pada input menggunakan satu set penuras (filters) yang boleh dipelajari, digunakan untuk mengekstrak ciri setempat dan corak dalam data 2D atau 3D."
convolutional operation,Operasi Konvolusi,"Operasi matematik yang menggabungkan dua fungsi untuk menghasilkan fungsi ketiga, digunakan dalam rangkaian neural konvolusi untuk mengekstrak ciri setempat dari data input."
convolutional window,tetingkap konvolusi,"Kawasan setempat dalam data input yang diliputi oleh penuras konvolusi pada satu masa, biasanya dalam bentuk segiempat atau persegi."
cost function,fungsi kos,"Ukuran yang menilai sejauh mana ramalan model pembelajaran mesin berbeza daripada nilai output sebenar, digunakan untuk mengoptimumkan parameter model semasa latihan. Juga dikenali sebagai fungsi kerugian (loss function)."
cross validation,pengesahsahihan silang,"Teknik penilaian model di mana set data dibahagikan kepada beberapa lipatan, dan model dilatih serta diuji berulang kali dengan setiap lipatan digunakan sebagai set ujian manakala lipatan lain digabungkan sebagai set latihan, memberikan anggaran prestasi yang lebih teguh."
cross-entropy,entropi silang,"Ukuran perbezaan antara dua taburan kebarangkalian, sering digunakan sebagai fungsi kerugian dalam masalah pengelasan untuk mengukur perbezaan antara taburan ramalan dan taburan sebenar."
Cross-Entropy Loss,,"Fungsi kerugian biasa yang digunakan dalam masalah pengelasan, yang mengukur perbezaan antara dua taburan kebarangkalian (satu daripada model dan satu lagi dari label sebenar), biasanya digabungkan dengan fungsi pengaktifan softmax."
curriculum learning,pembelajaran kurikulum,"Strategi latihan di mana model didedahkan kepada contoh latihan mengikut susunan yang semakin sukar, bermula dengan kes yang mudah dan beransur-ansur beralih kepada kes yang lebih kompleks, membantu model belajar dengan lebih berkesan."
curse of dimensionality,sumpahan dimensi,"Fenomena di mana prestasi algoritma pembelajaran mesin merosot apabila bilangan ciri (dimensi) dalam data meningkat, disebabkan oleh pengaruh dimensi yang tinggi terhadap jarak dan kepadatan sampel."
data augmentation,pengayaan data,"Teknik untuk meningkatkan saiz dan kepelbagaian set data latihan dengan menjalankan transformasi rawak pada contoh sedia ada, seperti putaran, terjemahan, atau penskalaan, untuk mengurangkan suaipadan terlebihan (overfitting) dan meningkatkan keteguhan model."
data leakage,kebocoran data,"Senario di mana maklumat daripada set data ujian atau data masa depan secara tidak sengaja digunakan semasa latihan model, menyebabkan penilaian prestasi yang terlalu tinggi dan model yang tidak dapat digeneralisasi dengan baik kepada data baharu."
data sparsity,data jarang,"Sifat set data di mana kebanyakan nilai adalah sifar, yang sering berlaku dalam masalah seperti pengesyoran, dengan kebanyakan pengguna hanya berinteraksi dengan sebahagian kecil kemungkinan item."
decision boundary,Sempadan Keputusan,Permukaan hipersatah yang memisahkan ruang ciri kepada rantau yang berbeza yang sepadan dengan kelas output yang berbeza dalam masalah pengelasan.
Decision Forest,hutan keputusan,"Pengelas ensembel yang terdiri daripada banyak pepohon keputusan yang dilatih secara berasingan, dengan ramalan akhir ditentukan oleh pengundian majoriti atau purata merentasi semua pohon individu."
Decision Tree,pepohon keputusan,"Struktur pepohon yang mewakili satu set peraturan pengelasan atau regresi, di mana nod dalaman mewakili ujian pada ciri, cabang mewakili hasil ujian, dan nod daun mewakili ramalan kelas atau nilai."
decoder,penyahkod,"Komponen dalam seni bina pengekod-penyahkod (encoder-decoder) yang menjana output daripada perwakilan berdimensi rendah yang dihasilkan oleh pengekod, cuba membina semula input asal atau menjana output yang sepadan."
deep belief network,rangkaian kepercayaan mendalam,"Model generatif yang terdiri daripada berbilang lapisan unit tersembunyi, dilatih secara rakus lapisan demi lapisan menggunakan algoritma Pembelajaran Capahan Bezaan (Contrastive Divergence), digunakan untuk pengecaman corak dan pembelajaran ciri."
deep learning,pembelajaran mendalam,"Cabang pembelajaran mesin yang menumpukan pada algoritma dan teknik untuk membina dan melatih rangkaian neural dengan banyak lapisan tersembunyi, membolehkan pembelajaran perwakilan hierarki dan abstrak daripada data."
deep neural network,deep model; rangkaian neural mendalam; rangkaian neural dalam,"Rangkaian neural dengan banyak lapisan tersembunyi antara lapisan input dan output, membolehkan pembelajaran perwakilan hierarki dan abstrak dari data."
Deep Q-Network,,"Pelanjutan kepada pembelajaran Q yang menggunakan rangkaian neural untuk menganggarkan fungsi nilai Q, membolehkan pengendalian ruang keadaan dan tindakan yang besar dalam persekitaran yang kompleks."
deep stacking network,rangkaian penindanan mendalam,Seni bina pembelajaran mesin hierarki di mana berbilang rangkaian dangkal dilatih secara berjujukan dan kemudian ditindankan untuk mempelajari perwakilan bertahap yang lebih abstrak.
DeepDream,DeepDream,"Algoritma yang digunakan untuk menjana imej halusinasi dengan menjalankan proses memperkuatkan ciri visual yang dikesan oleh rangkaian neural yang dipra-latih, menghasilkan imej yang menarik secara visual dengan corak gaya surealis."
denoising,penyahhingar; penyahhinggaran,"Tugas membuang hingar atau artifak yang tidak diingini daripada isyarat atau imej, sering dilakukan menggunakan teknik pemprosesan isyarat atau rangkaian neural seperti autoencoder penyahhingar."
dense layer,lapisan tumpat; lapisan padat,"Lapisan sambungan penuh dalam rangkaian neural di mana setiap neuron disambungkan kepada semua neuron dalam lapisan sebelumnya, digunakan untuk pembelajaran ciri global dan pengambilan keputusan akhir."
densely connected convolutional networks,rangkaian konvolusi bersambung rapat,"Seni bina CNN di mana setiap lapisan menerima input tambahan dari semua lapisan sebelumnya, menggalakkan penggunaan semula ciri, mengurangkan bilangan parameter, dan mengurangkan masalah penyusutan gradien."
dependency parsing,Penghuraian Ketergantungan,"Proses menganalisis struktur ketergantungan ayat, di mana setiap perkataan dikaitkan dengan perkataan lain yang bergantung padanya, menghasilkan graf ketergantungan berarah."
depth,kedalaman,"Bilangan lapisan dalam rangkaian neural atau pepohon keputusan, mencerminkan keupayaan model untuk mempelajari perwakilan hierarki dan abstrak dari data."
derivative,terbitan,"Ukuran kadar perubahan fungsi berkenaan dengan perubahannya input, menggambarkan kecerunan fungsi pada setiap titik."
diffusion,penyerakan; penyebaran,"Kelas model generatif yang belajar mengubah proses penyerakan hingar tambahan secara beransur-ansur untuk menjana sampel baharu, biasanya digunakan untuk penjanaan imej."
dimensionality reduction,pengurangan dimensi,"Teknik untuk mengurangkan bilangan ciri (features) dalam set data sambil mengekalkan maklumat penting, biasanya dilakukan untuk membuang kebisingan, mengurangkan pengiraan, atau memudahkan visualisasi."
dimensions,dimensi,"Bilangan ciri atau atribut dalam set data, menentukan saiz dan struktur data dalam ruang ciri (feature space)."
directed graph,graf terarah,"Struktur data yang terdiri daripada set nod dan set tepi terarah yang menghubungkan nod, di mana setiap tepi mempunyai arah yang ditetapkan dari satu nod ke nod lain."
discreet,berasingan; asing,"Merujuk kepada kuantiti atau nilai yang hanya boleh mengambil nilai integer, berbeza dengan pemboleh ubah selanjar yang boleh mengambil sebarang nilai nyata."
Discrete Fourier Transform,Transformasi Fourier Diskret,"Algoritma untuk mengubah isyarat diskret dari domain masa ke domain frekuensi, digunakan dalam pemprosesan isyarat digital dan analisis spektrum."
Discriminant analysis,analisis diskriminan,"Teknik pembelajaran mesin berpenyelia digunakan untuk mencari gabungan ciri yang menjelaskan atau memisahkan dua atau lebih kelas acara atau objek, digunakan dalam pengelasan dan pengurangan dimensi."
discriminative model,model diskriminatif,"Jenis model pembelajaran mesin yang mempelajari sempadan keputusan atau perbezaan antara kelas, memberi tumpuan kepada membezakan antara kelas berbanding memodelkan taburan kebarangkalian setiap kelas secara langsung."
discriminator,diskriminator; pembeza,"Komponen dalam rangkaian penyahkod-auto berlawanan (GAN) yang bertanggungjawab untuk membezakan antara sampel sebenar dan sampel yang dijana oleh penjana, dilatih untuk membimbing penjana untuk menghasilkan output yang lebih realistik."
Distributed Stochastic Neighbor Embedding,,"Teknik pengurangan dimensi tidak linear yang memetakan data berdimensi tinggi ke ruang berdimensi rendah (biasanya 2D atau 3D) untuk visualisasi, dengan mengekalkan struktur setempat dan global dalam data."
distribution,taburan,Fungsi matematik yang menerangkan kebarangkalian relatif atau kekerapan nilai yang mungkin dalam set data.
domain adaptation,penyesuaian domain,"Cabang pembelajaran pindahan (transfer learning) yang bertujuan untuk mengadaptasi model yang dilatih pada domain sumber kepada domain sasaran yang berbeza tetapi berkaitan, tanpa memerlukan data berlabel yang banyak dari domain sasaran."
downsampling,pensampelan menurun,"Teknik untuk mengurangkan kadar pensampelan atau resolusi data, sering digunakan dalam pemprosesan imej atau isyarat untuk mengurangkan dimensi data dan beban pengiraan."
dropout,pengguguran,"Teknik pengaturan di mana unit neuron digugurkan secara rawak semasa latihan, mengurangkan penyesuaian lebih (overfitting) dengan mencegah penyesuaian berlebihan terhadap mana-mana neuron tertentu."
Dropout Regularization,regularisasi pengguguran,"Teknik untuk mengurangkan penyesuaian lampau dalam rangkaian neural dengan menggugurkan unit secara rawak semasa latihan, menggalakkan pembelajaran ciri yang lebih teguh."
early stopping,pemberhentian awal,Teknik yang digunakan untuk mengelakkan penyesuaian lampau dalam pembelajaran mesin dengan memberhentikan latihan apabila prestasi model berhenti bertambah baik pada set pengesahsahihan.
echo state network,rangkaian keadaan gema,"Sejenis rangkaian neural berulang di mana sambungan dalam lapisan tersembunyi ditetapkan secara rawak dan kekal tetap, manakala sambungan output dipelajari untuk menghasilkan dinamik sasaran, digunakan dalam pemprosesan urutan dan kawalan."
Einsum notation,notasi Einsum,"Notasi padat untuk menyatakan operasi aljabar linear kompleks, seperti hasil darab matriks dan penjumlahan, dengan menyatakan hubungan antara dimensi input dan output."
embedding,pembenaman,"Perwakilan vektor berterusan dan bermakna bagi entiti diskret seperti perkataan, nod graf, atau ciri kategori, yang menangkap hubungan semantik atau struktural antara entiti."
embedding layer,lapisan pembenaman,"Lapisan dalam rangkaian neural yang memetakan input diskret, seperti perkataan atau ciri kategori, kepada vektor berterusan berdimensi rendah yang menangkap hubungan semantik antara input."
embedding space,ruang pembenaman,"Ruang vektor berterusan berdimensi rendah di mana entiti diskret seperti perkataan atau nod graf dipetakan, membolehkan operasi matematik dan pengukuran kesamaan dilakukan pada perwakilan ini."
embedding vector,vektor pembenaman,"Perwakilan vektor berterusan berdimensi rendah untuk entiti diskret seperti perkataan atau ciri kategori, dipelajari untuk menangkap hubungan semantik atau struktural antara entiti dalam ruang pembenaman."
encoder,pengekod,"Komponen dalam seni bina pengekod-penyahkod (encoder-decoder) yang memetakan input kepada perwakilan berdimensi rendah, menangkap ciri dan maklumat penting yang diperlukan untuk menjana output yang sepadan."
encoding,pengekodan,"Proses transformasi data ke dalam format yang boleh diproses dan difahami oleh algoritma pembelajaran mesin, sering melibatkan pemetaan nilai kategori kepada nilai berangka atau vektor."
ensemble,ensembel,Gabungan beberapa model pembelajaran mesin yang dilatih secara berasingan dan ramalan mereka digabungkan untuk menghasilkan ramalan akhir yang lebih baik dan mengurangkan ralat.
Ensemble Learning,Pembelajaran ensembel,"Paradigma pembelajaran mesin yang menggabungkan berbilang model asas untuk membuat ramalan atau keputusan akhir, sering menghasilkan prestasi yang lebih baik daripada mana-mana model tunggal."
entropy,entropi,"Ukuran kekurangan kepastian atau kerawakan dalam sistem, sering digunakan dalam pembelajaran mesin sebagai fungsi kerugian untuk menilai kualiti ramalan pengelasan."
epoch,epok,"Satu kitaran penuh melalui keseluruhan set data latihan dalam proses pembelajaran rangkaian neural, di mana setiap sampel telah digunakan sekali untuk mengemas kini pemberat model."
Evaluation metric,matrik penilaian,"Ukuran kuantitatif yang digunakan untuk menilai prestasi model pembelajaran mesin, seperti ketepatan, kepersisan, ingat kembali, skor F1, atau kesilapan min persegi."
expectation-maximization algorithm,algoritma jangkaan-pemaksimuman,"Algoritma lelaran yang digunakan untuk mencari anggaran kebolehjadian maksimum parameter dalam model statistik yang melibatkan pemboleh ubah pendam, seperti Model Campuran Gaussian."
exploding gradient,kecerunan meletup,"Masalah yang berlaku semasa melatih rangkaian neural dalam di mana kecerunan menjadi sangat besar, menyebabkan langkah pengoptimuman yang tidak stabil dan prestasi model yang lemah."
exploitation,eksploitasi,"Strategi dalam pembelajaran peneguhan (reinforcement learning) di mana ejen memilih tindakan yang dijangka memberikan ganjaran tertinggi berdasarkan pengetahuan yang diperoleh setakat ini, berbanding meneroka kemungkinan baru (penjelajahan)."
exploration,penjelajahan,"Strategi dalam pembelajaran peneguhan (reinforcement learning) di mana ejen mencuba tindakan baharu atau keadaan yang tidak dijelajahi untuk menemui dasar optimum, sering diimbangi dengan eksploitasi."
F1 score,skor F1,"Ukuran prestasi yang menggabungkan ketepatan dan daya ingat dalam tugas pengelasan, dikira sebagai min harmonik antara ketepatan (precision) dan daya ingat (recall)."
feature cross,ciri silang,"Teknik kejuruteraan ciri yang menghasilkan ciri baharu dengan mengalikan dua atau lebih ciri sedia ada, membantu model mempelajari interaksi tidak linear antara ciri."
feature engineering,kejuruteraan ciri; kejuteraan ciri-ciri; pemilihan ciri,Proses mencipta ciri baharu dari data mentah menggunakan pengetahuan domain untuk memudahkan proses pembelajaran dan meningkatkan prestasi model pembelajaran mesin.
Feature Extraction,pengekstrakan ciri,"Proses mengurangkan dimensi data mentah dengan memilih atau mengubah ciri untuk menangkap maklumat yang paling relevan, sering digunakan sebagai langkah prapemprosesan dalam pembelajaran mesin."
feature map,peta ciri-ciri,"Output pertengahan dari operasi konvolusi dalam CNN, mewakili tindak balas penuras yang berbeza pada input dan menangkap kehadiran corak atau ciri setempat."
feature scaling,Min-max normalization; penskalaan ciri,"Proses menormalkan julat ciri kepada skala yang standard, biasanya antara 0 dan 1 atau dengan min 0 dan varians unit, untuk mengelakkan ciri dengan nilai mutlak yang besar mendominasi yang lain semasa latihan model."
feature set,set ciri,Koleksi ciri atau atribut boleh ukur yang digunakan sebagai input kepada model pembelajaran mesin untuk membuat ramalan atau keputusan.
feature space,ruang ciri,"Ruang matematik abstrak di mana setiap dimensi mewakili ciri atau atribut set data, dan setiap sampel diwakili sebagai vektor dalam ruang ini."
feature vector,vektor ciri,"Perwakilan vektor untuk objek atau sampel dalam set data, di mana setiap dimensi sepadan dengan ciri atau atribut tertentu."
features,ciri-ciri,"Input boleh ukur kepada model pembelajaran mesin, digunakan untuk membuat ramalan atau keputusan, boleh jadi ciri mentah atau ciri yang diperoleh melalui pengekstrakan ciri atau pemilihan ciri."
federated learning,pembelajaran bersekutu; pembelajaran kolaboratif,"Paradigma pembelajaran mesin di mana model dilatih pada data teragih merentasi berbilang peranti atau pelayan tanpa pertukaran data mentah, melindungi privasi pengguna dan mengurangkan kos komunikasi."
feedback loop,gelung maklum balas,"Proses di mana output sistem digunakan sebagai input untuk langkah atau lelaran selanjutnya, membentuk gelung maklum balas yang membolehkan sistem menyesuaikan dan memperbaiki diri dari semasa ke semasa."
feedforward neural network,rangkaian neural suap-hadapan,"Seni bina rangkaian neural di mana maklumat bergerak hanya dalam satu arah, dari lapisan input melalui lapisan tersembunyi (jika ada) dan akhirnya lapisan output, tanpa gelung maklum balas."
few-shot learning,pembelajaran beberapa contoh,"Kelas kaedah pembelajaran mesin yang bertujuan untuk belajar daripada bilangan contoh latihan yang kecil, biasanya dengan menggunakan pengetahuan yang dipindahkan daripada tugasan yang berkaitan atau teknik meta pembelajaran."
filter,penuras; penapis,"Set parameter boleh dipelajari dalam lapisan konvolusi yang bertindak untuk mengesan kehadiran ciri atau corak tertentu dalam input, juga dikenali sebagai kernel konvolusi."
fine-tuning,penalaan halus,"Teknik yang biasa digunakan dalam pembelajaran pemindahan (transfer learning), di mana lapisan atas model pra-latih ditalakan pada data dari domain atau tugasan sasaran, membolehkan penyesuaian kepada ciri khusus tugasan baharu."
fit,penyesuaian,Proses melatih model pembelajaran mesin pada set data dengan melaraskan parameter model untuk meminimumkan fungsi kerugian dan meningkatkan prestasi pada tugas yang diberikan.
forward propagation,perambatan hadapan,"Proses mengira output rangkaian neural dengan menyebarkan input melalui lapisan dari kiri ke kanan, menggunakan pemberat dan fungsi pengaktifan untuk mengubah nilai pada setiap lapisan."
Fourier Transform,Jelmaan Fourier,"Alat matematik yang menguraikan fungsi atau isyarat kepada komponen frekuensi asasnya, membolehkan analisis dan pemprosesan dalam domain frekuensi."
gated recurrent unit,unit berulang berpintu,"Jenis unit dalam rangkaian neural berulang yang menggunakan mekanisme get untuk mengawal aliran maklumat, mengatasi masalah penyusutan gradien dan membolehkan pembelajaran perhubungan jangka panjang dengan lebih berkesan."
Gaussian Mixture Model,Model Campuran Gaussian,"Model statistik yang mewakili taburan kebarangkalian sebagai gabungan berbilang taburan Gaussian, digunakan dalam pemodelan taburan kompleks, pengecaman corak, dan pembelajaran mesin tidak diselia."
generalization,simpulan umum; generalisasi,"Keupayaan model pembelajaran mesin untuk melakukan dengan baik pada data baharu dan tidak pernah dilihat, menunjukkan bahawa ia telah belajar corak yang bermakna dan bukannya menghafal set latihan."
generatif model,model generatif,"Kelas model pembelajaran mesin yang mempelajari taburan kebarangkalian tersirat data latihan, membolehkan penjanaan sampel baharu yang serupa."
generation,penjanaan,"Proses mencipta kandungan baharu, seperti teks, imej, atau bunyi, menggunakan model pembelajaran mesin yang dilatih pada data sedia ada."
generative adversarial network,rangkaian berlawanan generatif,"Seni bina pembelajaran mendalam yang terdiri daripada dua rangkaian neural, penjana yang cuba menghasilkan sampel yang realistik dan pembeza yang cuba membezakan antara sampel yang dijana dan sampel sebenar, dilatih dalam persekitaran pertentangan sehingga penjana dapat menghasilkan sampel yang tidak dapat dibezakan."
Generative Pre-trained Transformer,,"Model prakejuruteraan bahasa yang besar yang dilatih pada korpus teks yang banyak menggunakan objektif ramalan bahasa, sering digunakan sebagai asas untuk penyesuaian halus pada pelbagai tugas hiliran."
generator,penjana,"Komponen dalam rangkaian penyahkod-auto berlawanan (GAN) yang bertanggungjawab untuk menjana sampel baharu yang menyerupai data latihan, bersaing dengan pembeza yang cuba membezakan antara sampel sebenar dan janaan."
Gini Impurity,kecemaran gini,"Metrik yang digunakan dalam algoritma pepohon keputusan untuk mengukur sejauh mana sampel dalam set dipisahkan merentasi kelas yang berbeza, dengan nilai yang lebih rendah menunjukkan pemisahan yang lebih baik."
gradient,kecerunan,"Vektor yang mengukur kadar perubahan fungsi berkenaan dengan perubahan input, digunakan dalam algoritma pengoptimuman seperti penurunan kecerunan (gradient descent) untuk menentukan arah pengemaskinian parameter model."
gradient accumulation,pengumpulan kecerunan,Teknik untuk mensimulasikan saiz kelompok yang lebih besar pada perkakasan terhad dengan mengumpulkan kecerunan merentasi berbilang lelaran sebelum mengemas kini parameter model.
Gradient Boosting,pengalakkan kecerunan,"Teknik ensembel yang menggabungkan banyak model lemah (biasanya pepohon keputusan) secara berjujukan, di mana setiap model berikutnya cuba membetulkan kesalahan model sebelumnya."
gradient clipping,pengetipan kecerunan,"Teknik untuk mengehadkan magnitud kecerunan semasa latihan rangkaian neural, biasanya dengan menormalkan kecerunan jika normanya melebihi nilai ambang tertentu, membantu mencegah nilai pemberat daripada menjadi terlalu besar atau tidak stabil."
gradient descent,penurunan kecerunan,Algoritma pengoptimuman yang biasa digunakan dalam pembelajaran mesin untuk mencari nilai minimum fungsi kos dengan mengemas kini parameter model mengikut arah bertentangan dengan kecerunan fungsi.
gram,gram,"Unit dalam pemprosesan bahasa semula jadi yang merujuk kepada urutan bersebelahan n item dari sampel teks atau ucapan, seperti unigram (satu item), dwigram (dua item), atau trigram (tiga item)."
Grapheme-to-Phoneme,Grafem-ke-Fonem,"Proses pemetaan unit tulisan (grafem) kepada unit bunyi (fonem) yang sepadan dalam sintesis pertuturan, penting untuk menghasilkan sebutan yang betul dari teks input."
greedy,rakus,"Sifat algoritma yang sentiasa membuat pilihan optimum setempat pada setiap langkah dengan harapan mencari penyelesaian optimum global, tanpa sentiasa berjaya."
grid,kisi,"Struktur data dalam bentuk kisi (tersusun seragam) yang terdiri daripada sel berbentuk segiempat yang beraturan, biasa digunakan dalam kartografi, reka bentuk, dan pemprosesan imej."
hallucination,halusinasi; konfabulasi,"Fenomena dalam model bahasa dan penjanaan imej, di mana model menghasilkan output yang tidak berasas atau tidak wujud dalam data latihan, akibat penyesuaian lebih (overfitting) atau kepincangan dalam set data."
hidden Markov model,model Markov tersembunyi,"Model statistik yang memodelkan sistem sebagai proses Markov dengan keadaan tersembunyi, di mana keadaan sistem tidak dapat diperhatikan secara langsung tetapi output bergantung pada keadaan tersembunyi."
hidden state,keadaan tersembunyi,Perwakilan dalaman dalam model urutan seperti rangkaian neural berulang yang merangkumi maklumat konteks dari input sebelumnya untuk membantu meramalkan output seterusnya.
Hinge Loss,Kerugian Engsel,"Fungsi kerugian yang biasa digunakan dalam pengelasan, terutamanya dengan mesin vektor sokongan (SVM), yang menggalakkan margin yang besar antara sampel dari kelas yang berbeza."
Holdout Set,testing data; Set Pegangan,"Subset data yang disimpan secara berasingan dari set latihan dan digunakan untuk menilai prestasi akhir model yang telah dilatih, memberikan anggaran prestasi tidak berpihak pada data baharu."
holt-winters method,kaedah holt-winters,"Algoritma yang biasa digunakan untuk ramalan siri masa yang merangkumi trend dan kesan bermusim, berdasarkan purata berpemberat nilai siri masa yang lepas."
hopfield network,rangkaian hopfield,"Sejenis rangkaian neural berulang yang berfungsi sebagai sistem memori boleh ubah dan boleh digunakan untuk pembelajaran corak dan pengoptimuman kombinasi, dinamakan sempena penemunya John Hopfield."
hyperdimensional,hiperdimensi,"Melibatkan ruang ciri atau ruang parameter yang mempunyai bilangan dimensi yang sangat tinggi, sering ditemui dalam pembelajaran mesin dan pemprosesan data."
hyperparameter,hiperparameter,"Parameter yang menentukan struktur atau proses latihan model pembelajaran mesin, seperti kadar pembelajaran, bilangan lapisan tersembunyi, atau fungsi pengaktifan, yang perlu ditentukan sebelum latihan dan tidak dipelajari secara langsung dari data."
hyperparameter tuning,penalaan hiperparemeter,"Proses mencari kombinasi optimum hiperparameter untuk model pembelajaran mesin, seperti kadar pembelajaran, bilangan unit tersembunyi, atau kedalaman rangkaian, untuk memaksimumkan prestasi pada set data pengesahan."
hyperplane,hipersatah,"Satah dengan dimensi n-1 yang memisahkan ruang n-dimensi kepada dua bahagian, digunakan dalam algoritma pengelasan seperti mesin vektor sokongan (SVM) untuk mengklasifikasikan data."
Imbalanced Data,Data Tidak Seimbang,"Set data di mana bilangan sampel dalam setiap kelas tidak sama rata, dengan sesetengah kelas (minoriti) mempunyai bilangan sampel yang jauh lebih sedikit daripada yang lain (majoriti), yang boleh menjejaskan prestasi model pembelajaran mesin jika tidak ditangani dengan betul."
imputation,penyelarasan; imputasi,"Proses menganggarkan atau menggantikan nilai yang hilang dalam set data, menggunakan teknik statistik atau pembelajaran mesin untuk membuat anggaran berdasarkan corak dalam data yang ada."
inception network,rangkaian inception,"Seni bina rangkaian neural konvolusi yang menggabungkan berbilang saiz dan jenis lapisan konvolusi pada setiap peringkat rangkaian, membolehkan ekstraksi ciri pada berbilang skala dan mengurangkan bilangan parameter."
inference,inferens,"Proses menggunakan model yang telah dilatih untuk membuat ramalan atau keputusan pada data baharu, membolehkan model menggeneralisasi pembelajaran lepas kepada situasi baharu."
initialization,pemulaan,"Proses menetapkan nilai awal untuk parameter model sebelum latihan, sering dilakukan secara rawak atau menggunakan teknik khusus seperti pemulaan Xavier atau He."
inpainting,pemulihan imej,"Tugas penglihatan komputer di mana bahagian yang hilang atau rosak dalam imej dilengkapkan secara automatik, dengan menganggarkan kandungan visual yang munasabah berdasarkan maklumat kontekstual di sekeliling kawasan sasaran."
iteration,lelaran,"Satu kitaran lengkap melalui algoritma pembelajaran mesin, di mana model melihat dan belajar dari satu atau subset data latihan."
Kernel Trick,Helah Kernel,"Teknik untuk menjalankan algoritma pembelajaran mesin dalam ruang ciri berdimensi tinggi tanpa mengira perubahan ruang secara jelas, dengan menggantikan hasil darab titik dalam ruang input dengan fungsi kernel dalam ruang ciri."
keypoints,titik utama; titik-titik utama,"Titik atau kawasan yang menonjol atau penting dalam imej atau video, sering digunakan dalam penglihatan komputer untuk penjejakan objek, pengecaman aktiviti, atau analisis postur."
K-Fold Cross-Validation,pengesahsahihan silang pelipatan-k,"Teknik untuk menilai prestasi model pembelajaran mesin dengan membahagikan set data kepada K bahagian yang sama saiz, dan melatih serta menguji model K kali, setiap kali menggunakan bahagian yang berbeza sebagai set ujian dan baki K-1 bahagian sebagai set latihan."
K-means,,"Algoritma pengelompokan tak berpenyelia yang bertujuan untuk memecahkan set data kepada K kelompok, di mana setiap titik data diumpukkan kepada kelompok dengan min terdekat."
k-means clustering,penggusan k-purata,"Algoritma pengelompokan yang bertujuan untuk memecahkan set data kepada k kelompok, di mana setiap sampel diumpukkan kepada kelompok dengan min terdekat."
K-Nearest Neighbors,K-jiran terdekat,"Algoritma pembelajaran mesin yang mengkelaskan sampel berdasarkan undian majoriti label kelas k jiran terdekat dalam ruang ciri, di mana k ialah bilangan jiran yang dipertimbangkan."
knowledge distillation,penyulingan maklumat,"Kaedah pemindahan pembelajaran di mana model yang padat (pelajar) dilatih untuk meniru kelakuan model yang lebih besar dan kompleks (guru), membolehkan penyahkodean pengetahuan dari model yang kompleks kepada model yang lebih ringkas."
L1/L2 Regularization,regularisasi L1/L2,"Teknik untuk mengurangkan penyesuaian lampau dan meningkatkan generalisasi model dengan menambah penalti pada magnitud pemberat ke fungsi kerugian, sama ada berdasarkan norma L1 (Lasso) atau norma L2 (Ridge)."
label encoding,pengekodan label,"Kaedah pengekodan di mana setiap nilai kategori unik diwakilkan oleh integer, sering digunakan untuk ciri bukan berangka dalam pembelajaran mesin."
Label Smoothing,,"Teknik pengaturan yang menggantikan sasaran one-hot dengan taburan yang ""dilembutkan"" yang mengagihkan sedikit kebarangkalian kepada kelas bukan sasaran, membantu mengurangkan keyakinan berlebihan dan meningkatkan keteguhan."
language modelling,pemodelan bahasa,"Tugas melatih model untuk meramalkan perkataan atau token seterusnya dalam urutan, berdasarkan konteks perkataan atau token sebelumnya, digunakan dalam pelbagai aplikasi pemprosesan bahasa tabii."
Large Language Model,Model Bahasa Besar,"Model bahasa neural prakejuruteraan yang dilatih pada korpus teks yang sangat besar, mampu menjana teks, menjawab soalan, dan melakukan pelbagai tugas pemprosesan bahasa semula jadi dengan prestasi tahap manusia."
latent space,ruang pendam,"Ruang perwakilan berdimensi rendah yang dipelajari oleh model seperti autoencoder, GAN, atau VAE, di mana struktur data yang mendasari ditangkap dan sampel baharu dapat dijana dengan memanipulasi vektor dalam ruang in"
lattice,kekisi,Susunan berkala titik atau objek dalam ruang yang membentuk corak yang berulang dan teratur.
layer,lapisan,"Sekumpulan neuron yang memproses input secara selari dalam rangkaian neural, dengan output dari satu lapisan menjadi input kepada lapisan seterusnya."
learning rate,kadar pembelajaran,"Hiperparameter yang menentukan saiz langkah semasa mengemas kini pemberat dalam rangkaian neural menggunakan algoritma penurunan kecerunan (gradient descent), mengawal kelajuan pembelajaran model."
Learning rate decay,pereputan kadar pelajaran,"Teknik untuk mengurangkan kadar pembelajaran secara beransur-ansur semasa latihan model untuk membolehkan penumpuan yang lebih halus apabila menghampiri minimum optimum, biasanya dilakukan mengikut jadual atau berdasarkan kemajuan pembelajaran."
Lemmatization,lematisasi,"Proses mengurangkan perkataan kepada bentuk asas atau kamus, dikenali sebagai lem, dengan membuang akhiran ayat berdasarkan analisis bahagian ucapan, sering digunakan dalam pemprosesan bahasa semula jadi untuk menormalkan teks."
LightGBM,LightBGM,"Algoritma pengalakkan kecerunan yang direka untuk lebih cekap dalam penggunaan memori dan masa latihan berbanding dengan XGBoost, berkesan untuk set data besar dengan bilangan ciri yang tinggi."
linear regression,regresi linear,"Teknik regresi yang memodelkan hubungan antara pemboleh ubah input dan output sebagai fungsi linear, dengan menganggarkan pekali yang meminimumkan jumlah ralat kuasa dua antara nilai sebenar dan ramalan."
liquid state machine,mesin keadaan cecair,"Model pengiraan neuromorfik yang menggunakan dinamik tak linear dalam kekolam neuron berulang untuk memproses input bersiri dan memetakan kepada ruang keadaan, digunakan untuk tugas pemprosesan ruang-masa."
Logistic Regression,regresi logitik,"Kaedah statistik untuk menganalisis set data di mana satu atau lebih pemboleh ubah input menentukan hasil binari, digunakan untuk anggaran kebarangkalian dan pengelasan perduaan."
Logit,logit,"Logaritma nisbah ganjil, digunakan dalam regresi logistik dan rangkaian neural untuk mengira kebarangkalian kelas sebelum mengenakan fungsi pengaktifan seperti sigmoid atau softmax."
long short-term memory,memori jangka panjang-pendek,"Sejenis rangkaian neural berulang yang direka untuk menangani masalah kecerunan melenyap (vanishing gradient) dan mengekalkan maklumat jangka panjang, menggunakan get pintu khas untuk mengawal aliran maklumat."
loss aggregator,pengagregat kerugian,Komponen dalam model pembelajaran mesin teragih yang menggabungkan nilai fungsi kerugian dari berbilang sumber atau model untuk mengira kerugian keseluruhan.
Loss Function,fungsi kerugian,"Fungsi yang mengukur perbezaan antara ramalan model dan nilai sebenar, digunakan sebagai objektif untuk diminimumkan semasa melatih model pembelajaran mesin."
Low-Rank Adaptability,kebolehsuaian pangkat rendah,Sifat model pembelajaran mesin yang boleh menyesuaikan dan meningkatkan prestasinya dalam pelbagai persekitaran dengan hanya mengubah sebilangan kecil parameter.
low-shot learning,pembelajaran contoh rendah,"Senario pembelajaran mesin di mana hanya sebilangan kecil contoh latihan yang tersedia untuk setiap kelas, memerlukan teknik khusus seperti pembelajaran pemindahan (transfer learning) atau pembelajaran beberapa contoh (few-shot learning)."
machine learning,pembelajaran Mesin,"Bidang kajian yang memberi tumpuan kepada pembangunan algoritma dan model yang membolehkan komputer belajar dan bertambah baik dari pengalaman tanpa arahan yang jelas, dengan mengenal pasti corak dan membuat kesimpulan daripada set data."
majority class,kelas majoriti,"Kelas dalam set data yang mempunyai bilangan sampel yang jauh lebih banyak berbanding kelas lain, yang boleh menyebabkan model berat sebelah terhadap kelas ini jika tidak ditangani dengan betul."
manifold,pancarongga,"Ruang matematik yang pada skala tempatan kelihatan seperti ruang Euclidean, tetapi mungkin mempunyai struktur global yang berbeza, sering digunakan untuk memodelkan set data yang terletak pada atau berhampiran permukaan berselanjar berdimensi rendah."
many-shot learning,pembelajaran banyak contoh,"Paradigma dalam pembelajaran mesin di mana model dilatih pada banyak contoh berlabel dari setiap kelas, membolehkannya belajar ciri diskriminatif dan sempadan keputusan yang kompleks."
map,peta,"Struktur data yang menyimpan pasangan kekunci-nilai, membolehkan capaian cekap kepada nilai berdasarkan kekunci yang sepadan."
Markov Chain Monte Carlo,Rantaian Markov Monte Carlo,"Kelas algoritma yang mensampelkan taburan kebarangkalian dengan membina rantaian Markov dengan taburan keseimbangan yang dikehendaki, digunakan dalam inferens Bayesian dan pengkomputeran statistik."
Markov decision process,proses keputusan Markov,"Model formal untuk membuat keputusan berjujukan dalam persekitaran stokastik, di mana keputusan bergantung hanya pada keadaan semasa dan bukannya sejarah, digunakan dalam pembelajaran peneguhan."
Markov property,sifat Markov,"Sifat proses stokastik di mana kebarangkalian bersyarat keadaan masa depan, mengingati keadaan semasa, tidak bergantung pada sejarah lampau, juga dikenali sebagai sifat 'lupa'."
Masked language modeling,pemodelan bahasa ditopeng,"Teknik prakejuruteraan dalam pemprosesan bahasa semula jadi, di mana model cuba meramalkan token yang dihilangkan atau ditopengkan dalam ayat, membolehkannya belajar perwakilan bahasa yang kaya konteks."
matrix factorization,pemfaktoran matriks,"Kelas teknik untuk memecahkan matriks kepada hasil darab dua atau lebih matriks dengan dimensi yang lebih kecil, digunakan dalam sistem pengesyoran, pengurangan dimensi, dan pemprosesan isyarat."
Mean Absolute Error,min ralat mutlak,"Ukuran perbezaan purata antara nilai sebenar dan nilai yang diramalkan, mengambil nilai mutlak ralat untuk mengelakkan ralat positif dan negatif saling membatalkan."
mean squared error,kesilapan min persegi; purata ralat kuasa dua,"Fungsi kos yang mengukur purata perbezaan kuasa dua antara nilai sebenar dan nilai yang diramalkan oleh model, sering digunakan dalam tugas regresi untuk menilai prestasi model."
Mel Frequency Cepstral Coefficients,Pekali Frekuensi Mel Cepstral,"Ciri yang diekstrak dari isyarat ucapan, berdasarkan skala mel yang sejajar dengan persepsi telinga manusia, digunakan secara meluas dalam pengecaman ucapan dan pemprosesan audio."
Mel Spectrogram,Spektogram Mel,"Perwakilan tempo-frekuensi isyarat audio yang digunakan dalam pemprosesan pertuturan dan audio, di mana frekuensi diubah mengikut skala Mel yang sejajar dengan persepsi telinga manusia."
method,kaedah,Prosedur atau pendekatan yang sistematik untuk mencapai hasil tertentu.; Fungsi atau operasi yang boleh dipanggil ke atas objek atau struktur data untuk melaksanakan tindakan atau tugas tertentu.
minimax loss,kerugian minimax,"Fungsi kerugian yang digunakan dalam latihan rangkaian penyahkod-auto berlawanan (GAN), di mana penjana cuba meminimumkan kerugian sementara pembeza cuba memaksimumkannya, menghasilkan permainan minimax antara dua rangkaian."
minority class,kelas minoriti,"Kelas dalam set data yang mempunyai bilangan sampel yang jauh lebih sedikit berbanding kelas lain, yang boleh menyebabkan model gagal belajar ciri diskriminatif untuk kelas ini jika tidak ditangani dengan betul."
mixture of experts,campuran pakar,"Seni bina pembelajaran mesin yang menggunakan gabungan beberapa model pakar yang dilatih secara berasingan, dengan setiap pakar dioptimumkan untuk mengendalikan bahagian atau aspek tertentu dalam domain masalah, dan satu model get mengawal sumbangan setiap pakar dalam output akhir."
model cascading,lata model,"Teknik menggabungkan berbilang model pembelajaran mesin secara berjujukan, dengan output dari satu model menjadi input kepada model seterusnya, untuk menyelesaikan tugas yang kompleks atau pelbagai tahap."
model compression,pemampatan model,"Proses mengurangkan saiz dan kompleksiti model pembelajaran mesin tanpa menjejaskan prestasinya secara ketara, dengan menggunakan teknik seperti pemangkasan (pruning), pengkuantuman (quantization), atau distilasi pengetahuan."
Momentum,Momentun,"Teknik yang digunakan dalam algoritma pengoptimuman kecerunan untuk mengurangkan kemeruapan dan mempercepatkan penumpuan, dengan menggabungkan pecutan kecerunan masa lalu dengan kecerunan semasa."
multi-class classification,pengelasan berbilang kelas,"Senario di mana model perlu mengklasifikasikan contoh kepada satu daripada tiga atau lebih kelas yang saling eksklusif, seperti pengelasan jenis dokumen atau pengecaman spesis."
multi-dimensional,Pelbagai Dimensi,"Merujuk kepada data atau ruang ciri dengan lebih daripada dua dimensi, sering ditemui dalam pembelajaran mesin dan analisis data."
multi-head attention,perhatian berbilang-kepala,"Mekanisme yang digunakan dalam model Transformer di mana berbilang pertanyaan, kunci, dan nilai dihitung secara selari untuk menghasilkan perwakilan konteks yang berbeza, kemudian digabungkan untuk membentuk perwakilan akhir."
Multi-instance Learning,Pembelajaran Berbilang Tika,"Paradigma pembelajaran mesin di mana data latihan terdiri daripada pelbagai tika sampel tidak dilabel, dan matlamatnya adalah untuk meramalkan label untuk setiap tika dan keseluruhan set, dengan aplikasi dalam bidang seperti penglihatan komputer dan bioinformatik."
multi-label classification,pengelasan berbilang label,"Tugas pengelasan di mana setiap contoh boleh ditugaskan kepada berbilang kelas yang tidak saling eksklusif, seperti pengelasan genre muzik atau pengesanan objek."
multilayer,berbilang lapis,"Merujuk kepada rangkaian neural atau struktur lain yang mempunyai berbilang lapisan unit pemprosesan antara lapisan input dan output, membolehkan pembelajaran perwakilan berhierarki."
multilayer perceptron,perseptron berbilang lapisan,"Kelas rangkaian neural suap hadapan yang terdiri daripada berbilang lapisan neuron, dengan sekurang-kurangnya satu lapisan tersembunyi antara lapisan input dan output, membolehkan pembelajaran perwakilan tidak linear."
multimodal model,model berbilang modal,"Model pembelajaran mesin yang memproses dan mengintegrasikan pelbagai jenis input, seperti teks, imej, dan audio, untuk membuat ramalan atau keputusan berdasarkan maklumat dari berbilang modaliti."
Naive Bayes,bayes naif,"Pengelas kebarangkalian mudah berdasarkan Teorem Bayes dengan andaian kebebasan antara ciri-ciri, sering digunakan dalam pengelasan teks dan penyaringan spam."
Natural Language Processing,pemprosesan bahasa tabii,"Cabang sains komputer dan kecerdasan buatan yang memberi tumpuan kepada interaksi antara komputer dan bahasa manusia, termasuk tugas seperti pemahaman bahasa, penjanaan teks, dan penterjemahan mesin."
neocognitron,neokognitron,"Rangkaian neural hierarki yang terinspirasi daripada sistem visual mamalia, digunakan untuk pengecaman corak dan menjadi asas kepada rangkaian neural konvolusi moden."
neural,neural,Berkaitan dengan rangkaian neural buatan atau sistem pemprosesan maklumat yang diilhamkan daripada otak dan sistem saraf biologi.
Neural Architecture Search,Carian Seni Bina Neural,"Proses mencari konfigurasi optimum rangkaian neural, seperti bilangan dan saiz lapisan tersembunyi, jenis operasi, dan sambungan, sering dilakukan secara automatik menggunakan algoritma pengoptimuman."
Neural Machine Translation,Terjemahan Mesin Neural,"Pendekatan terjemahan mesin yang menggunakan rangkaian neural mendalam untuk memetakan ayat dari satu bahasa ke bahasa lain, selalunya menggunakan seni bina encoder-decoder seperti Transformer."
neural network,rangkaian neural; rangkaian neural buatan,"Model pengiraan yang diilhamkan oleh struktur dan fungsi otak biologi, terdiri daripada lapisan nod bersambung yang melakukan transformasi tidak linear pada input untuk mempelajari perwakilan hierarki dan pemetaan kompleks."
neuron,neuron,"Unit asas pemprosesan dalam rangkaian neural, mengira kombinasi linear input berpemberat dan menggunakan fungsi pengaktifan untuk menghasilkan output tidak linear."
n-gram,n-gram,"Urutan bersebelahan n item dari sampel teks atau ucapan, digunakan untuk pemodelan bahasa dan analisis sentimen."
node,nod,"Unit asas atau unit pemprosesan dalam rangkaian neural, graf, atau struktur data lain, yang mewakili simpang atau titik sambungan dalam rangkaian."
noise,hingar; ingar,"Gangguan rawak atau tidak diingini yang hadir dalam data atau isyarat, yang boleh menjejaskan prestasi model pembelajaran mesin.; Penambahan rawak pada data latihan sebagai teknik pengaburan data (data augmentation) untuk meningkatkan keteguhan model."
noise scheduler,penjadualan hingar,"Teknik dalam model penyebaran (diffusion) di mana jumlah hingar yang digunakan pada setiap langkah penyebaran dijadualkan mengikut fungsi yang menurun, membolehkan pensampelan beransur-ansur imej yang kurang kabur."
nonlinear,tak linear,"Merujuk kepada sistem atau fungsi di mana perubahan dalam output tidak berkadaran dengan perubahan dalam input, membolehkan pemodelan hubungan yang lebih kompleks berbanding sistem linear."
non-linearity,ketaklinearan,"Sifat sistem atau fungsi yang tidak mempunyai hubungan linear atau berkadar antara input dan output, di mana perubahan dalam input tidak menghasilkan perubahan yang berkadar dalam output."
n-shot learning,pembelajaran N-contoh,Pendekatan pembelajaran mesin di mana model dilatih untuk mengklasifikasikan contoh baru daripada kelas yang tidak pernah dilihat berdasarkan hanya beberapa contoh berlabel (n) dari setiap kelas baharu tersebut.
nucleus sampling,pensampelan nukleus,"Kaedah pensampelan dari model bahasa di mana subset token teratas yang jumlah kebarangkaliannya melebihi ambang tertentu dipilih untuk setiap token yang dipilih secara rawak, menjadikan pensampelan ini lebih cenderung untuk memilih token yang jarang berlaku tetapi penting bagi konteks."
objective function,fungsi objektif,"Fungsi matematik yang cuba diminimumkan atau dimaksimumkan oleh algoritma pembelajaran mesin semasa latihan, seperti fungsi kerugian untuk masalah pengelasan atau fungsi ganjaran untuk pembelajaran peneguhan."
one-hot encoding,pengekodan satu-panas,"Teknik yang mewakili ciri kategori sebagai vektor perduaan dengan 1 pada kedudukan yang sepadan dengan kategori tersebut dan 0 di tempat lain, sering digunakan dalam pembelajaran mesin untuk mengendalikan ciri bukan berangka."
one-shot learning,pembelajaran satu contoh,"Keupayaan model pembelajaran mesin untuk belajar konsep baru daripada hanya satu contoh latihan, biasanya dicapai dengan menggunakan teknik seperti pembelajaran perbandingan (contrastive learning) atau rangkaian siam."
optimization,pengoptimuman,Proses mencari set parameter model yang meminimumkan fungsi kos dan memaksimumkan prestasi pada tugasan yang diberikan.
Optimizer,pengoptimum,"Algoritma yang digunakan untuk menyesuaikan parameter model pembelajaran mesin untuk meminimumkan fungsi kerugian, seperti penurunan kecerunan stokastik (SGD), Adam, atau RMSprop."
outlier,unsur luaran,"Pemerhatian yang berbeza dengan ketara dari pemerhatian lain, sering disebabkan oleh variasi asli dalam ukuran atau ralat eksperimen, dan mungkin memerlukan siasatan selanjutnya atau prapemprosesan khas."
outpainting,pengembangan imej,"Teknik penglihatan komputer yang menjana kandungan visual baru di luar sempadan imej asal, dengan mengekstrapolasi corak dan struktur yang ada untuk menghasilkan sambungan yang munasabah."
overfitting,suaipadan terlebihan;  terlebih suaipadan,"Keadaan apabila model terlalu dekat dengan data latihan dan gagal mengitlak kepada data baharu, sering disebabkan oleh model yang terlalu kompleks atau latihan yang berlebihan."
oversampling,pensampelan lebih,"Teknik untuk menangani ketidakseimbangan kelas dalam set data dengan mencipta lebih banyak sampel dari kelas minoriti, sama ada dengan menduplikasi sampel sedia ada atau menjana sampel sintetik baharu."
padding,penebal,"Proses menambah lapisan kosong di sekitar input, biasanya sifar, untuk mengekalkan dimensi output yang dikehendaki apabila mengenakan operasi seperti konvolusi atau penggemblengan."
Parallel Corpus,korpus selari,"Set besar teks yang diterjemahkan di antara dua bahasa atau lebih, digunakan untuk melatih sistem terjemahan mesin statistik atau berasaskan neural."
Parameter,parameter,"Kuantiti dalam model pembelajaran mesin yang dipelajari dari data latihan dan digunakan untuk membuat ramalan pada data baharu, seperti pemberat dalam rangkaian neural."
partial derivative,Terbitan Separa,"Terbitan multivariat yang mengukur kadar perubahan fungsi berkenaan dengan satu pemboleh ubah, dengan menganggap semua pemboleh ubah lain sebagai malar."
perceptron,perseptron,"Jenis rangkaian neural yang paling asas, yang terdiri daripada satu neuron dengan pemberat boleh laras dan bias, yang melakukan pengelasan linear berdasarkan fungsi langkah."
perplexity,kekeliruan,"Ukuran prestasi model bahasa yang menilai keupayaan model untuk meramalkan sampel teks baharu, berdasarkan kebarangkalian yang diberikan oleh model kepada setiap token dalam urutan."
pipeline,talian paip,"Aliran kerja pembelajaran mesin yang menggabungkan berbilang langkah pemprosesan secara berjujukan, seperti prapemprosesan data, pengekstrakan ciri, pemilihan model, dan pascapemprosesan, untuk membina sistem ramalan lengkap."
pooling,pengumpulan; penggemblengan,Operasi dalam rangkaian neural konvolusi yang menggabungkan output neuron dari kawasan berhampiran untuk mengurangkan dimensi ruang ciri dan memperkenalkan sifat ketidakpekaan kepada translasi kecil.
pooling layer,lapisan penggemblengan,"Lapisan dalam rangkaian neural konvolusi yang mengurangkan dimensi ruang input dengan mengagregat nilai dari kawasan berhampiran, biasanya menggunakan operasi max atau purata, untuk mengurangkan bilangan parameter dan meningkatkan invarians terjemahan."
positional encoding,pengekodan kedudukan,"Teknik yang digunakan dalam model Transformer untuk menyuntik maklumat kedudukan ke dalam perwakilan input, membolehkan model mengenal pasti susunan unsur dalam urutan."
posterior distillation,penyulingan posterior,Teknik untuk mempelajari perwakilan padat dan bermaklumat tinggi dari model kompleks dengan memaksimumkan persamaan antara taburan posterior model kompleks dan model yang lebih ringkas.
precision,kepersisan,"Metrik penilaian dalam masalah pengelasan yang mengukur pecahan ramalan positif yang betul-betul positif, menunjukkan keupayaan model untuk mengelak pelabelan contoh negatif sebagai positif."
precision-recall curve,lengkung ketepatan-ingatan,"Teknik visualisasi untuk menilai prestasi sistem dapatan semula maklumat atau pengelasan, melakarkan ketepatan (pecahan contoh yang didapatkan semula yang relevan) berbanding daya ingatan (pecahan contoh relevan yang berjaya didapatkan semula) pada ambang yang berbeza."
predictor,peramal,"Model atau algoritma yang digunakan untuk membuat ramalan berdasarkan input data, seperti dalam masalah regresi atau pengelasan."
pre-trained model,model pra-latih,"Model pembelajaran mesin yang telah dilatih sebelumnya pada set data yang besar untuk tugas umum, yang boleh disesuaikan untuk tugas hiliran yang lebih khusus melalui pemindahan pembelajaran atau penalaan halus."
pretraining,pra-latihan,"Teknik melatih model pada tugas umum yang besar atau set data tidak berlabel sebelum menala halus pada tugas sasaran yang lebih khusus, sering digunakan dalam model bahasa dan pemprosesan visi untuk meningkatkan prestasi dan kecekapan latihan."
Principal component analysis,Analisis Komponen Utama,"Teknik pengurangan dimensi yang mengubah set ciri yang mungkin berkorelasi kepada set komponen tidak berkorelasi yang lebih kecil, mengekalkan sebanyak mungkin variasi dalam data asal."
probabilistic regression model,model regresi kebarangkalian,"Kelas model yang meramalkan taburan kebarangkalian ke atas pemboleh ubah output berterusan, dan bukannya anggaran titik tunggal, membolehkan ukuran ketidakpastian dalam ramalan."
probability density function,fungsi ketumpatan kebarangkalian; fungsi kepadatan kebarangkalian,"Fungsi yang menerangkan taburan kebarangkalian relatif pemboleh ubah rawak berterusan, di mana kebarangkalian pemboleh ubah terletak dalam julat tertentu adalah kamiran fungsi ke atas julat tersebut."
probability distribution,taburan kebarangkalian,Fungsi yang memberikan kebarangkalian kejadian setiap hasil yang mungkin dalam ruang sampel.
prompt,arahan,Mesej atau arahan yang dipaparkan oleh sistem komputer untuk meminta input atau maklum balas daripada pengguna.; Teks input atau rangsangan yang digunakan untuk menjana tindak balas daripada sistem pemprosesan bahasa tabii atau kecerdasan buatan 
propagate,rambat,"Menyebarkan isyarat atau nilai melalui rangkaian neural, sama ada ke hadapan (perambatan hadapan) untuk mengira output atau ke belakang (perambatan balik) untuk mengemas kini pemberat berdasarkan ralat."
pruning,memangkas; mencantas,"Teknik untuk mengurangkan saiz dan kompleksiti model pembelajaran mesin dengan membuang parameter atau unit yang kurang penting, sering digunakan untuk pemampatan model atau pengurangan lebihan."
Q-function,fungsi-Q,"Fungsi yang memetakan pasangan keadaan-tindakan kepada ganjaran dijangka dalam pembelajaran peneguhan, digunakan untuk menilai dasar dan mempelajari dasar optimum."
Q-learning,pembelajaran Q,"Algoritma pembelajaran peneguhan tanpa model yang digunakan untuk mempelajari dasar optimum untuk masalah pembuatan keputusan Markov, berdasarkan pengemaskinian nilai Q yang berulang untuk menilai utiliti jangka panjang tindakan dalam setiap keadaan."
quadtree,pepohon kuadran,"Struktur data pepohon di mana setiap nod dalaman mempunyai tepat empat anak, biasanya digunakan untuk memecahkan ruang dua dimensi secara rekursif kepada sukuan untuk penyimpanan dan capaian cekap."
Quantization,pengkuantuman; kuantisasi,"Proses menukar nilai berterusan kepada nilai diskret, sering digunakan untuk pemampatan model dengan mewakili pemberat dan pengaktifan menggunakan bilangan bit yang lebih rendah."
RAdam,,"Variasi kepada pengoptimum Adam berasaskan kadar adaptif yang diselaraskan, menggantikan anggaran momen berasaskan masa discounting dengan peratusan yang dibuang untuk mengurangkan ketaktentuan pada kajian permulaan."
random,rawak,"Berkaitan dengan proses atau pemilihan yang bergantung pada peluang dan bukannya corak atau alasan yang boleh ditentukan, sering digunakan dalam pelbagai aspek pembelajaran mesin seperti pemilihan subset data atau pengawalan parameter."
recall,ingat-kembali,"Metrik penilaian dalam masalah pengelasan yang mengukur pecahan positif sebenar yang dikenal pasti dengan betul oleh model, menunjukkan keupayaan model untuk mencari semua contoh positif."
recurrent,berulang,"Berkaitan dengan rangkaian neural yang memproses input secara bersiri atau berturutan, di mana output bagi setiap langkah bergantung pada keadaan tersembunyi yang dihasilkan pada langkah-langkah sebelumnya."
recurrent neural network,rangkaian neural berulang,"Kelas rangkaian neural yang merangkumi gelung maklum balas, membolehkannya memproses urutan data dengan bergantung pada keadaan dalaman yang mewakili maklumat konteks dari langkah-langkah sebelumnya."
recursive,rekursif,"Merujuk kepada proses atau algoritma yang ditakrifkan menggunakan dirinya sendiri, di mana masalah dipecahkan kepada submasalah yang lebih kecil dan serupa secara berulang."
regression,regresi,"Kelas tugas pembelajaran mesin di mana matlamatnya adalah untuk meramalkan nilai berterusan berdasarkan input, seperti meramalkan harga rumah atau permintaan jualan."
regularization,pengaturan; regularisasi,"Teknik untuk mengurangkan kompleksiti model dan mengelakkan penyesuaian lebih (overfitting) dengan menambah sebutan penalti pada fungsi kos, mengenakan kekangan pada pemberat model atau lapisan rangkaian neural."
reinforcement learning,pembelajaran peneguhan,"Cabang pembelajaran mesin di mana ejen belajar strategi optimum melalui interaksi percubaan dan ralat dengan persekitaran, di mana tindakan membawa kepada ganjaran atau hukuman."
ReLU,Rectified Linear Unit;,"Fungsi pengaktifan biasa dalam rangkaian neural, yang mengembalikan nilai input jika positif dan sifar jika sebaliknya, membantu mengurangkan masalah kehilangan kecerunan."
reparameterization,parameteran semula; pemparameteran semula,"Teknik yang digunakan dalam model variasi seperti autoencoder variasi (VAE) untuk mengekspresikan persampelan dari taburan kebarangkalian sebagai transformasi penentu pada pemboleh ubah rawak bebas, membolehkan pengiraan kecerunan dan pengoptimuman fungsi kos."
reshape,pembentukkan semula,"Operasi yang mengubah bentuk tensor atau tatasusunan tanpa mengubah nilai elemennya, digunakan untuk menyesuaikan data dengan keperluan bentuk input model."
residual blok,blok sisa,"Komponen dalam rangkaian neural yang mempelajari fungsi sisa iaitu perbezaan antara input dan output dijangka, dan menambahnya semula ke input asal untuk membolehkan pembelajaran ciri tambahan dan mengatasi masalah pengurangan kecerunan (vanishing gradient)."
residual network,rangkaian sisa,"Seni bina CNN yang memperkenalkan sambungan pintasan untuk melangkau satu atau lebih lapisan, membolehkan pembelajaran fungsi sisa dan mengurangkan masalah penyusutan atau letupan gradien dalam rangkaian dalam."
retrieval-augmented generation,penjanaan tertingkat-dapatan semula,"Paradigma penjanaan teks yang menggabungkan carian berasaskan dapatan semula dengan penjanaan bahasa, dengan mencari maklumat yang berkaitan dari pangkalan pengetahuan atau korpus sebelum menjana output teks menggunakan model bahasa."
reward,ganjaran,"Maklum balas positif atau negatif yang diterima oleh ejen dalam pembelajaran peneguhan (reinforcement learning), sebagai petunjuk prestasi tindakan yang diambil dalam persekitaran tertentu."
RMSProp,RMSprop,"Algoritma pengoptimuman yang menyesuaikan kadar pembelajaran bagi setiap parameter berdasarkan purata bergerak nilai mutlak kecerunan terkini, membantu menangani masalah kadar pembelajaran yang sesuai dalam rangkaian neural."
Seasonal Auto-Regressive Integrated Moving Average,Purata Bergerak Bersepadu AutoRegresif Bermusim,Lanjutan model ARIMA yang mengendalikan kesan bermusim dalam data dengan memasukkan sebutan bermusim dalam persamaan model.
Seasonal Decomposition of Time Series,Penguraian Bermusim Siri Masa,"Teknik yang memisahkan siri masa kepada komponen bermusim, trend, dan baki, membolehkan analisis dan tafsiran setiap komponen secara berasingan."
self-attention,perhatian-kendiri,"Mekanisme dalam pembelajaran mendalam yang membolehkan elemen dalam urutan menghadiri elemen lain dalam urutan yang sama untuk mempelajari perwakilan konteks, banyak digunakan dalam pemprosesan bahasa dan penglihatan komputer."
self-organizing maps,peta swaorganisasi,"Sejenis rangkaian neural tanpa pengawasan yang menghasilkan perwakilan berdimensi rendah (biasanya 2D) dari data berdimensi tinggi, dengan mengekalkan hubungan topologi antara vektor input."
Semantic Segmentation,Segmentasi Semantik,"Tugas penglihatan komputer untuk mengklasifikasikan setiap piksel dalam imej kepada kelas semantik yang telah ditetapkan, seperti orang, kereta, atau bangunan, menghasilkan peta segmentasi yang menunjukkan rantau objek yang berbeza."
semi-supervised learning,pembelajaran semi-diselia,"Pendekatan pembelajaran mesin yang menggabungkan data berlabel dan tidak berlabel untuk melatih model, di mana data berlabel yang terhad dilengkapkan dengan data tidak berlabel yang banyak untuk meningkatkan prestasi."
Sequence-to-Sequence,jujukan-ke-jujukan,"Seni bina model yang terdiri daripada pengekod yang memproses urutan input dan penyahkod yang menjana urutan output, banyak digunakan dalam tugas seperti terjemahan mesin atau ringkasan teks."
shape,bentuk,"Dimensi tatasusunan atau tensor, menerangkan saiz setiap dimensi data."
shot,contoh; sampel,Data atau maklumat yang disampelkan daripada taburan yang lebih besar untuk digunakan dalam analisis atau penilaian prestasi model.; Bilangan sampel yang digunakan untuk membuat kesimpulan dalam teknik pembelajaran seperti pembelajaran satu contoh (one-shot learning).
siamese network,rangkaian siam,"Seni bina rangkaian neural yang terdiri daripada dua atau lebih rangkaian serupa yang dikongsi pemberat, digunakan untuk mempelajari metrik kesamaan antara input dengan mengukur jarak antara perwakilan yang dipelajari."
Sigmoid,sigmoid,"Fungsi pengaktifan lengkung 'S' yang memampatkan input nyata kepada julat antara 0 dan 1, sering digunakan dalam lapisan tersembunyi rangkaian neural dan dalam regresi logistik binari."
skip connection,langkauan sambungan,"Sambungan dalam rangkaian neural yang melangkau satu atau lebih lapisan, membolehkan aliran maklumat terus dari lapisan awal ke lapisan yang lebih dalam, mengatasi masalah kecerunan melenyap (vanishing gradient) dan memudahkan latihan."
SMOTE,Teknik Pensampelan Lebih Minoriti Sintentik ,"Algoritma untuk mengatasi ketidakseimbangan kelas dengan menjana sampel sintetik baharu dari kelas minoriti, dengan menginterpolasi antara sampel minoriti sedia ada."
Softmax,Softmaks,"Fungsi pengaktifan yang digunakan dalam lapisan output rangkaian neural untuk tugas pengelasan berbilang kelas, yang menormalisasi output kepada taburan kebarangkalian ke atas kelas output."
sorting,pengisihan,"Proses menyusun elemen dalam senarai atau tatasusunan mengikut susunan tertentu, seperti menaik atau menurun, berdasarkan nilai atau kekunci."
Sparse Autoencoders,pengekod-auto jarang,"Jenis rangkaian neural yang dilatih untuk mempelajari perwakilan padat data input sambil menggalakkan pengaktifan jarang dalam lapisan tersembunyi, berguna untuk pengekstrakan ciri, pengurangan dimensi, dan pemampatan data."
sparse feature,ciri jarang,"Ciri dengan nilai sifar untuk majoriti sampel, sering ditemui dalam perwakilan teks seperti perwakilan beg perkataan di mana kebanyakan dokumen hanya mengandungi sebilangan kecil perkataan dari keseluruhan perbendaharaan kata."
speaker diarization,penyimpanan pembicara,"Tugas memecahkan aliran audio kepada segmen mengikut identiti pembicara, biasanya sebagai langkah prapemprosesan dalam aplikasi pemprosesan pertuturan seperti transkripsi mesyuarat atau analisis perbualan."
spiking neural network,rangkaian neural denyut,"Jenis rangkaian neural yang lebih biologis realistik, di mana neuron berkomunikasi melalui denyutan diskret dan temporal berbanding nilai pengaktifan berterusan, bertujuan untuk meniru pemprosesan maklumat dalam otak dengan lebih tepat."
stacking,penindanan; tindan,"Kaedah ensemble di mana ramalan dari berbilang model asas digabungkan menggunakan model meta yang belajar memetakan ramalan kepada ramalan akhir, sering digunakan dalam pertandingan pembelajaran mesin."
standard deviation,sisihan piawai,"Ukuran serakan statistik yang mengukur jumlah variasi atau sebaran set data dari min, dikira sebagai punca kuasa dua varians."
standardization,pempiawaian; standardisasi,"Proses transformasi ciri input dengan mengurangkan min dan membahagikan dengan sisihan piawai, menghasilkan taburan dengan min sifar dan varians unit, yang sering membantu menstabilkan dan mempercepatkan latihan model."
Statistical Machine Translation,Terjemahan Mesin statistik,"Paradigma terjemahan mesin yang berdasarkan analisis statistik selari korpus dwibahasa, dengan menggunakan model bahasa dan model terjemahan untuk menghasilkan terjemahan paling mungkin bagi ayat input."
Statistical Significance,Kepentingan Statistik,"Ukuran kebarangkalian bahawa pemerhatian atau hasil tidak disebabkan oleh peluang, menunjukkan kewujudan kesan atau hubungan sebenar dalam populasi."
stochastic,stokastik,"Bersifat rawak atau tidak dapat diramalkan, sering digunakan untuk menggambarkan proses atau algoritma yang melibatkan unsur kebarangkalian atau ketidakpastian."
Stochastic Depth,kedalaman stokastik,"Teknik pengaturan yang digunakan dalam rangkaian neural dalam, di mana lapisan dilangkau secara rawak semasa latihan untuk mengurangkan masa latihan dan meningkatkan pengitlakan."
Stochastic Differential Equation,Persamaan Pembezaan Stokastik,"Model matematik untuk proses stokastik yang terdiri daripada sebutan resapan dan sebutan hanyutan, menggambarkan evolusi rawak pemboleh ubah yang berterusan."
stochastic gradient descent,penurunan kecerunan stokastik,"Varian penurunan kecerunan yang mengemas kini parameter model berdasarkan kecerunan yang dikira pada subset data latihan yang dipilih secara rawak (kelompok) pada setiap lelaran, mempercepatkan penumpuan dan mengurangkan risiko terperangkap dalam minimum tempatan."
stride,peningkah,"Parameter yang menentukan saiz langkah konvolusi atau operasi penggemblengan, mengawal jumlah pertindihan antara rantau berhampiran dan dimensi output."
Style Transfer,Pemindahan Gaya,"Tugas menjana semula imej atau teks dalam gaya berlainan sambil mengekalkan kandungan asas, sering dilakukan menggunakan rangkaian neural berlawanan atau pendekatan berasaskan pengoptimuman."
subword tokenization,tokenisasi subperkataan,"Kaedah memecahkan perkataan kepada unit yang lebih kecil (subperkataan) berdasarkan kekerapan dalam korpus, seperti dalam algoritma Byte Pair Encoding (BPE) atau WordPiece, membolehkan pengendalian perkataan di luar perbendaharaan kata dengan gabungan subperkataan."
Superconvergence,superkonvergen,"Fenomenon di mana rangkaian neural menumpu dengan lebih cepat daripada jangkaan semasa latihan, selalunya dicapai dengan kombinasi teknik seperti penjadualan kadar pembelajaran, saiz kelompok, dan pengaturan."
supervised learning,pembelajaran berpenyelia,"Jenis pembelajaran mesin di mana model dilatih pada data input berlabel dengan output yang sepadan, dengan matlamat untuk belajar fungsi pemetaan umum yang dapat meramalkan output untuk input baharu."
Support Vector Machine,Mesin Vektor Sokongan,"Algoritma pembelajaran mesin yang bertujuan untuk mencari hipersatah (hyperplane) optimum yang memaksimumkan margin antara dua kelas dalam ruang ciri berdimensi tinggi, digunakan untuk pengelasan, regresi, dan pengesanan anomali."
Tacotron,Tacotron,"Sistem sintesis pertuturan hujung ke hujung yang menukar input teks kepada spektogram Mel, yang kemudian digunakan oleh model pensintesis berpandukan neural untuk menjana bentuk gelombang pertuturan."
tanh,tanh; hyperbolic tangent; tangen hiperbolaan,"fungsi hiperbolik tangen, fungsi pengaktifan biasa dalam rangkaian neural yang memampatkan nilai input kepada julat antara -1 dan 1."
temperature,suhu,"Parameter dalam model pembelajaran mesin yang mengawal tahap keyakinan atau rawak dalam membuat ramalan, dengan suhu yang lebih tinggi menghasilkan ramalan yang kurang yakin atau lebih pelbagai."
temperature sampling,pensampelan suhu,"Teknik pensampelan dari model bahasa di mana taburan kebarangkalian pada langkah penjanaan ditingkatkan atau dikurangkan menggunakan parameter suhu, membolehkan kawalan terhadap kepelbagaian dan kreativiti output."
Term Frequency-Inverse Document Frequency,Kekerapan Istilah-Terbalikan Kekerapan Dokumen,"Statistik berangka yang mencerminkan kepentingan perkataan dalam dokumen dari korpus, digunakan sebagai ciri dalam pemprosesan bahasa semula jadi dan dapatan semula maklumat."
Texture Synthesis,Sintesis Tekstur,"Proses penjanaan imej tekstur baharu yang secara statistik serupa dengan sampel tekstur input, digunakan dalam grafik komputer, penglihatan komputer, dan pemprosesan imej."
Time Series Forecasting,Ramalan Siri Masa,"Tugas meramalkan nilai masa depan dalam siri masa berdasarkan pemerhatian masa lalu, dengan menggunakan pelbagai teknik statistik dan pembelajaran mesin."
token,token,"Unit berasingan yang mewakili sebahagian dari data input, seperti perkataan, aksara, atau subperkataan dalam pemprosesan bahasa, atau rantau imej dalam pemprosesan visi."
tokenization,tokenisasi,"Proses memecahkan data input kepada unit berasingan yang dipanggil token, seperti memecahkan kalimat kepada perkataan atau aksara, sering menjadi langkah prapemrosesan dalam tugas pembelajaran mesin."
top-k sampling,pensampelan top-k,"Kaedah pensampelan dari model bahasa di mana k token teratas dengan kebarangkalian tertinggi dipertimbangkan pada setiap langkah penjanaan, mengehadkan ruang carian dan menggalakkan output yang lebih munasabah."
Train/Test Split,Perpisahan Latih/Uji,"Teknik untuk menilai prestasi model pembelajaran mesin dengan membahagikan set data kepada subset latihan dan ujian, di mana model dilatih pada subset latihan dan dinilai pada subset ujian untuk anggaran prestasi yang tidak bias."
training,latihan,"Proses pembelajaran parameter model daripada data latihan melalui pengoptimuman fungsi kos, biasanya dilakukan secara lelaran menggunakan algoritma seperti penurunan kecerunan (gradient descent)."
Training Set,Set Latihan,"Subset data yang digunakan untuk melatih model pembelajaran mesin, dengan melaraskan parameter model untuk meminimumkan fungsi kerugian pada set ini."
transfer learning,pembelajaran pindahan; pembelajaran pemindahan,"Teknik pembelajaran mesin di mana model yang dilatih pada satu tugasan digunakan sebagai titik permulaan atau diadaptasi untuk tugasan yang berkaitan, membolehkan pembelajaran yang lebih cepat dan berkesan pada tugasan baharu dengan menggunakan semula pengetahuan yang diperoleh."
transformer,transformer,"Model pembelajaran mesin yang bergantung sepenuhnya pada mekanisme perhatian untuk mempelajari perhubungan global dalam data urutan, diperkenalkan dalam kertas ""Attention is All You Need"" untuk tugas terjemahan mesin."
transformer architecture,seni bina transformer,"Seni bina rangkaian neural yang bergantung sepenuhnya pada mekanisme perhatian untuk mempelajari perhubungan jangka panjang, menggantikan operasi konvolusi dan berulang, banyak digunakan dalam pemprosesan bahasa semula jadi dan penglihatan komputer."
translation invariance,ketakvarianan terjemahan,"Sifat di mana sistem atau model menghasilkan output yang sama apabila imej atau isyarat diterjemahkan (digerakkan) dalam ruang, kerap dicapai melalui lapisan konvolusi dalam rangkaian neural."
tuning,penalaan,"Proses melaraskan hiperparameter model pembelajaran mesin untuk mendapatkan prestasi optimum pada set data tertentu, sering dilakukan melalui carian grid atau pengoptimuman Bayesian."
uncertainty,ketidakpastian,"Ukuran keyakinan atau kepastian model tentang ramalan yang dibuatnya, boleh dianggarkan menggunakan teknik seperti pensampelan Monte Carlo atau rangkaian Bayesian."
underfitting,suaipadan terkurangan; kurang suaipadan,"Keadaan apabila model tidak dapat mempelajari corak yang mendasari dalam data latihan, mengakibatkan prestasi yang lemah pada kedua-dua set latihan dan ujian."
undersampling,pensampelan kurang,"Pendekatan untuk menangani ketidakseimbangan kelas dalam set data dengan mengurangkan bilangan sampel dari kelas majoriti, sama ada dengan membuang sampel secara rawak atau memilih subset wakil."
u-net architecture,seni bina U-Net,"Seni bina CNN yang biasa digunakan untuk segmentasi imej, terdiri daripada laluan pengecutan untuk menangkap konteks dan laluan pengembangan untuk menghasilkan peta segmentasi, dinamakan sempena bentuk U struktur rangkaiannya."
unidirectional,sehala; searah,"Merujuk kepada aliran maklumat dalam satu arah, seperti dalam rangkaian neural suap hadapan di mana maklumat bergerak dari lapisan input ke lapisan output tanpa gelung maklum balas."
Unit Selection Synthesis,Sintesis Pemilihan Unit,"Teknik sintesis pertuturan yang menjana pertuturan dengan mencantum segmen rakaman pertuturan yang dipilih dari pangkalan data besar, dengan matlamat untuk menghasilkan pertuturan yang semulajadi dan fasih."
Unit Step Function,fungsi Heaviside; Fungsi Langkah Unit,"Fungsi matematik yang mengambil nilai 0 untuk input negatif dan 1 untuk input positif, kadangkala digunakan sebagai fungsi pengaktifan dalam rangkaian neural."
unsupervised learning,pembelajaran tanpa penyelia,"Jenis pembelajaran mesin di mana model cuba mempelajari struktur terpendam dalam set data tanpa label atau maklum balas eksplisit, seperti dalam tugas penggugusan (clustering) atau pengurangan dimensi."
validation set,set pengesahsahihan,"Subset data yang digunakan untuk menilai prestasi model semasa latihan, membantu mengesan penyesuaian lampau dan menala hiperparameter, tetapi tidak digunakan secara langsung untuk mengemas kini parameter model."
vanishing gradient,kecerunan melenyap,"Masalah yang berlaku semasa melatih rangkaian neural mendalam, di mana kecerunan menjadi sangat kecil apabila disebar-balik melalui banyak lapisan, menjadikan pembelajaran parameter dalam lapisan awal menjadi sangat perlahan atau terhenti."
variational autoencoder,pengekod-auto variasi,"Generatif model yang menggabungkan rangka kerja autoencoder dengan pemodelan taburan kebarangkalian, membolehkan penjanaan sampel baharu dengan menyampaikan kod pendam dari taburan prior."
variational bound,batas variasi,"Nilai had atas atau had bawah yang digunakan dalam model variasi seperti autoencoder variasi (VAE), untuk menganggar taburan kebarangkalian sebenar daripada data dalam model statistik."
Vision Transformer,transformer penglihatan,"Model yang menggunakan seni bina Transformer untuk tugas penglihatan komputer seperti pengelasan, pengesanan objek, dan segmentasi semantik."
Vocoder,Pengekod Suara,"Sistem untuk menganalisis dan mensintesis ucapan manusia, sering digunakan dalam sintesis ucapan, pemampatan ucapan, dan pemprosesan isyarat audio."
Wasserstein loss,kerugian Wasserstein,"Fungsi kerugian yang digunakan dalam latihan rangkaian penyahkod-auto berlawanan (GAN), berdasarkan jarak Wasserstein antara taburan data sebenar dan taburan yang dijana, menghasilkan latihan yang lebih stabil berbanding fungsi kerugian lain."
WaveNet,WaveNet,"Model audio generatif yang digunakan untuk mensintesis bentuk gelombang ucapan secara langsung, membolehkan ucapan realistik dengan ciri emosi dan konteks."
Weight Regularization,Pengaturan Pemberat,"Teknik untuk mengurangkan penyesuaian lampau dalam rangkaian neural dengan menambah penalti kepada magnitud pemberat dalam fungsi kerugian, menggalakkan model yang lebih mudah dan lebih umum."
weighted sum,hasi tambah berpemberat,"Operasi yang mengira jumlah input yang didarabkan dengan pemberat yang sepadan, digunakan secara meluas dalam rangkaian neural untuk menggabungkan maklumat dari berbilang sumber."
weights,pemberat,"Parameter boleh dipelajari dalam rangkaian neural yang menentukan kekuatan sambungan antara neuron, dilaraskan semasa latihan untuk meminimumkan fungsi kos dan meningkatkan prestasi model."
wide model,model lebar,"Seni bina rangkaian neural dengan banyak unit pada setiap lapisan, membolehkannya mempelajari perwakilan yang kaya dan pelbagai dari data."
width,lebar; kelebaran,"Bilangan unit atau neuron dalam satu lapisan rangkaian neural, mencerminkan keupayaan perwakilan lapisan tersebut."
word embedding,pembenaman perkataan,"Teknik pemprosesan bahasa tabii di mana perkataan diwakilkan sebagai vektor berterusan berdimensi rendah yang menangkap makna dan konteks perkataan tersebut, membolehkan operasi matematik pada perwakilan perkataan."
Word2Vec,Word2Vec,"Algoritma pembelajaran mesin yang digunakan untuk menjana perwakilan vektor perkataan (pembenaman perkataan) dari korpus teks besar, menangkap hubungan semantik dan sintaksis antara perkataan."
XGBoost,Extreme Gradient Boosting; Pengalakkan Kecerunan Ekstreme,"Algoritma pembelajaran ensembel yang melatih susunan pepohon keputusan secara berjujukan, dengan setiap pohon berikutnya cuba membetulkan kesalahan pohon sebelumnya. Ia digunakan secara meluas untuk tugas regresi dan pengelasan."
zero-shot learning,pembelajaran tanpa contoh,"Senario pembelajaran mesin di mana model perlu mengklasifikasikan contoh daripada kelas yang belum pernah dilihat semasa latihan, dengan bergantung pada penerangan atau maklumat semantik mengenai kelas tersebut."
